{
  "simulation_params": {
    "days": 30,
    "trades_per_day": 5,
    "base_win_rate": 0.55,
    "news_win_rate": 0.62
  },
  "baseline": {
    "name": "Baseline (Arb Only)",
    "total_trades": 150,
    "executed_trades": 150,
    "wins": 80,
    "losses": 70,
    "win_rate": 0.5333333333333333,
    "total_pnl": -62.814001847989516,
    "avg_trade_pnl": -0.4187600123199301,
    "max_drawdown": 0.6294462064688775,
    "skipped_due_news": 0
  },
  "enhanced": {
    "name": "News-Enhanced",
    "total_trades": 150,
    "executed_trades": 142,
    "wins": 85,
    "losses": 57,
    "win_rate": 0.5985915492957746,
    "total_pnl": -26.531147270597728,
    "avg_trade_pnl": -0.1868390652858995,
    "max_drawdown": 0.26531147270597644,
    "skipped_due_news": 8
  },
  "timestamp": "2026-03-08T02:31:57.040966"
}